"gender","percentage_with_compensation"
"Woman","44.1429516876240900"
"Non-binary","34.5528455284552846"
"Man","53.5846267553584627"
"Others","43.8864628820960699"
